id_capitulo,genero
97,Thriller sicol√≥gico
96,Thriller sicol√≥gico
98,Thriller sicol√≥gico
89,Thriller
86,Thriller
98,Thriller
75,Thriller
84,Thriller
96,Thriller
129,Thriller
72,Thriller
145,Thriller
85,Thriller
87,Thriller
144,Thriller
130,Thriller
150,Thriller
97,Thriller
74,Thriller
151,Thriller
152,Thriller
88,Thriller
131,Thriller
70,Thriller
73,Thriller
71,Thriller
146,Thriller
156,Slasher
157,Slasher
68,Romance
30,Romance
12,Romance
21,Romance
23,Romance
1,Romance
26,Romance
5,Romance
4,Romance
119,Romance
22,Romance
15,Romance
9,Romance
28,Romance
19,Romance
147,Romance
24,Romance
13,Romance
2,Romance
17,Romance
65,Romance
20,Romance
11,Romance
69,Romance
118,Romance
67,Romance
29,Romance
10,Romance
14,Romance
6,Romance
148,Romance
8,Romance
66,Romance
27,Romance
149,Romance
18,Romance
7,Romance
3,Romance
117,Romance
16,Romance
25,Romance
122,Misterio
89,Misterio
145,Misterio
87,Misterio
103,Misterio
102,Misterio
120,Misterio
144,Misterio
121,Misterio
104,Misterio
97,Misterio
98,Misterio
88,Misterio
96,Misterio
146,Misterio
157,Horror
120,Horror
122,Horror
121,Horror
156,Horror
91,Hist√≥rico
129,Hist√≥rico
131,Hist√≥rico
90,Hist√≥rico
92,Hist√≥rico
130,Hist√≥rico
137,Fantas√≠a oscura
135,Fantas√≠a oscura
136,Fantas√≠a oscura
37,Fantas√≠a
33,Fantas√≠a
47,Fantas√≠a
39,Fantas√≠a
105,Fantas√≠a
31,Fantas√≠a
140,Fantas√≠a
45,Fantas√≠a
40,Fantas√≠a
49,Fantas√≠a
46,Fantas√≠a
41,Fantas√≠a
34,Fantas√≠a
106,Fantas√≠a
35,Fantas√≠a
139,Fantas√≠a
36,Fantas√≠a
44,Fantas√≠a
42,Fantas√≠a
138,Fantas√≠a
32,Fantas√≠a
48,Fantas√≠a
107,Fantas√≠a
50,Fantas√≠a
38,Fantas√≠a
43,Fantas√≠a
79,Familiar
76,Familiar
142,Familiar
117,Familiar
119,Familiar
77,Familiar
83,Familiar
118,Familiar
81,Familiar
78,Familiar
143,Familiar
141,Familiar
80,Familiar
82,Familiar
2,Drama
73,Drama
75,Drama
147,Drama
146,Drama
56,Drama
68,Drama
61,Drama
121,Drama
124,Drama
96,Drama
149,Drama
93,Drama
92,Drama
72,Drama
129,Drama
53,Drama
109,Drama
148,Drama
137,Drama
122,Drama
60,Drama
111,Drama
153,Drama
97,Drama
155,Drama
131,Drama
115,Drama
57,Drama
144,Drama
5,Drama
91,Drama
114,Drama
86,Drama
95,Drama
65,Drama
110,Drama
59,Drama
145,Drama
113,Drama
125,Drama
58,Drama
94,Drama
116,Drama
112,Drama
102,Drama
88,Drama
71,Drama
63,Drama
54,Drama
70,Drama
108,Drama
66,Drama
74,Drama
98,Drama
103,Drama
120,Drama
3,Drama
135,Drama
89,Drama
55,Drama
51,Drama
85,Drama
104,Drama
84,Drama
90,Drama
69,Drama
123,Drama
64,Drama
154,Drama
130,Drama
1,Drama
52,Drama
87,Drama
62,Drama
136,Drama
67,Drama
4,Drama
99,Deporte
101,Deporte
100,Deporte
103,Crimen
130,Crimen
152,Crimen
104,Crimen
102,Crimen
86,Crimen
129,Crimen
84,Crimen
150,Crimen
151,Crimen
131,Crimen
85,Crimen
8,Comedia
12,Comedia
122,Comedia
124,Comedia
114,Comedia
101,Comedia
77,Comedia
9,Comedia
76,Comedia
53,Comedia
5,Comedia
20,Comedia
116,Comedia
66,Comedia
115,Comedia
65,Comedia
126,Comedia
109,Comedia
111,Comedia
143,Comedia
58,Comedia
18,Comedia
79,Comedia
21,Comedia
55,Comedia
142,Comedia
56,Comedia
7,Comedia
136,Comedia
125,Comedia
14,Comedia
6,Comedia
106,Comedia
26,Comedia
60,Comedia
3,Comedia
67,Comedia
23,Comedia
123,Comedia
27,Comedia
112,Comedia
135,Comedia
54,Comedia
99,Comedia
61,Comedia
29,Comedia
100,Comedia
83,Comedia
15,Comedia
137,Comedia
1,Comedia
24,Comedia
13,Comedia
59,Comedia
82,Comedia
62,Comedia
22,Comedia
141,Comedia
120,Comedia
30,Comedia
11,Comedia
107,Comedia
127,Comedia
16,Comedia
64,Comedia
108,Comedia
80,Comedia
69,Comedia
28,Comedia
105,Comedia
51,Comedia
113,Comedia
121,Comedia
25,Comedia
19,Comedia
128,Comedia
81,Comedia
68,Comedia
63,Comedia
57,Comedia
4,Comedia
78,Comedia
17,Comedia
110,Comedia
52,Comedia
2,Comedia
10,Comedia
136,Ciencia ficci√≥n apocal√≠ptica
137,Ciencia ficci√≥n apocal√≠ptica
135,Ciencia ficci√≥n apocal√≠ptica
124,Ciencia ficci√≥n
73,Ciencia ficci√≥n
155,Ciencia ficci√≥n
125,Ciencia ficci√≥n
71,Ciencia ficci√≥n
94,Ciencia ficci√≥n
72,Ciencia ficci√≥n
140,Ciencia ficci√≥n
136,Ciencia ficci√≥n
75,Ciencia ficci√≥n
139,Ciencia ficci√≥n
95,Ciencia ficci√≥n
70,Ciencia ficci√≥n
137,Ciencia ficci√≥n
93,Ciencia ficci√≥n
123,Ciencia ficci√≥n
138,Ciencia ficci√≥n
154,Ciencia ficci√≥n
153,Ciencia ficci√≥n
74,Ciencia ficci√≥n
135,Ciencia ficci√≥n
63,Aventura
139,Aventura
48,Aventura
37,Aventura
141,Aventura
154,Aventura
32,Aventura
123,Aventura
64,Aventura
121,Aventura
39,Aventura
52,Aventura
50,Aventura
152,Aventura
34,Aventura
142,Aventura
56,Aventura
120,Aventura
57,Aventura
35,Aventura
155,Aventura
33,Aventura
118,Aventura
54,Aventura
59,Aventura
125,Aventura
44,Aventura
60,Aventura
122,Aventura
49,Aventura
42,Aventura
140,Aventura
62,Aventura
41,Aventura
46,Aventura
117,Aventura
47,Aventura
138,Aventura
150,Aventura
36,Aventura
53,Aventura
45,Aventura
55,Aventura
119,Aventura
51,Aventura
153,Aventura
61,Aventura
38,Aventura
31,Aventura
40,Aventura
58,Aventura
43,Aventura
143,Aventura
151,Aventura
124,Aventura
55,Acci√≥n
38,Acci√≥n
61,Acci√≥n
59,Acci√≥n
105,Acci√≥n
95,Acci√≥n
57,Acci√≥n
58,Acci√≥n
60,Acci√≥n
42,Acci√≥n
39,Acci√≥n
43,Acci√≥n
45,Acci√≥n
120,Acci√≥n
123,Acci√≥n
94,Acci√≥n
106,Acci√≥n
36,Acci√≥n
46,Acci√≥n
50,Acci√≥n
122,Acci√≥n
54,Acci√≥n
41,Acci√≥n
62,Acci√≥n
64,Acci√≥n
34,Acci√≥n
136,Acci√≥n
33,Acci√≥n
121,Acci√≥n
48,Acci√≥n
44,Acci√≥n
47,Acci√≥n
51,Acci√≥n
32,Acci√≥n
37,Acci√≥n
137,Acci√≥n
135,Acci√≥n
125,Acci√≥n
53,Acci√≥n
35,Acci√≥n
107,Acci√≥n
63,Acci√≥n
49,Acci√≥n
40,Acci√≥n
124,Acci√≥n
93,Acci√≥n
52,Acci√≥n
31,Acci√≥n
56,Acci√≥n
132,Acci√≥n
134,Acci√≥n
133,Acci√≥n
