id_usuario,mail,password,nombre,fecha_nacimiento
87,mrodriguez@yahoo.com,mVqchhZq,Melissa Rodriguez,1927-01-01
134,jharrison@yahoo.es,ZCtisRw5,Joseph Harrison,1947-09-28
38,aallen@yahoo.es,JOiUve4K,Amy Allen,1995-03-23
48,aburton@yahoo.com,fBqBdTWB,Alan Burton,2004-12-07
66,cblake@icloud.com,kI2Lt7sy,Christopher Blake,1981-10-11
64,mweber@yahoo.it,TV912g59,Michelle Weber,1993-07-05
10,ashaw@icloud.com,qSOfdTgQ,Antonio Shaw,1966-10-28
40,joconnor@hotmail.com,eUsJ0bIE,Jasmine Oconnor,1923-08-07
51,lroberson@yahoo.it,E6Xlwkm1,Lisa Roberson,1945-06-02
35,droberts@yahoo.it,MCaZ9dwb,Dwayne Roberts,2016-10-20
26,ctaylor@yahoo.es,jZym8OpP,Connor Taylor,1965-01-24
108,lmcdaniel@icloud.com,suykYALE,Laura Mcdaniel,1942-02-21
36,lmoore@yahoo.com,uLZ8p2nf,Leslie Moore,2015-10-15
54,kmckenzie@yahoo.it,8unHco8S,Kyle Mckenzie,1978-01-18
68,mdavis@yahoo.com,9M4fwJlN,Mark Davis,1965-07-12
39,ebauer@yahoo.es,s13eb5lU,Elizabeth Bauer,2014-02-26
41,sballard@hotmail.com,0cKXBQgM,Sandra Ballard,1929-01-09
115,ayork@icloud.com,VRlki1jC,Alexa York,1996-07-05
29,swhite@yahoo.com,DthqMR5Y,Sharon White,2009-04-11
73,dwright@yahoo.it,mWrcsNKn,Donna Wright,2006-09-26
34,mferguson@hotmail.com,Tczoa91V,Matthew Ferguson,1984-10-27
75,fmendez@yahoo.es,lAV6xmZm,Frank Mendez,2001-05-01
74,wsmith@yahoo.it,yiEbsYQQ,Wendy Smith,1953-10-06
67,aramirez@gmail.com,klagg55L,Amy Ramirez,2003-02-16
133,brios@icloud.com,ow8NkWYm,Brian Rios,1977-02-19
49,hsalazar@icloud.com,j3Q6lYnG,Heather Salazar,1955-05-01
17,ivarov@hotmail.com,IUxIUoVM,Ivarov,1982-03-31
22,dbentley@yahoo.it,dVk9wNFx,Daniel Bentley,1973-03-16
122,cwilson@gmail.com,2V1fvJAB,Caroline Wilson,2004-12-18
72,bbailey@yahoo.com,1kZNBTUC,Brittany Bailey,1962-06-14
57,syates@yahoo.it,69lm9Opq,Sabrina Yates,2006-07-13
56,clawrence@gmail.com,7tDEYyzW,Christian Lawrence,1975-11-03
97,jmclaughlin@yahoo.it,ewdv9IPt,Jennifer Mclaughlin,1953-08-10
82,dwest@hotmail.com,h49f9vtW,Donald West,2003-05-07
6,jlarson@yahoo.es,ZWln3gsP,Janet Larson,1945-11-03
146,jwade@icloud.com,ENjqJ0g3,John Wade,1969-01-14
71,wlee@gmail.com,oEm1Kamn,William Lee,1966-02-04
105,cgordon@gmail.com,kc8gQfxD,Charles Gordon,1984-04-08
63,twilson@yahoo.it,W2KAlalS,Tonya Wilson,1992-03-20
33,castolo@gmail.com,IUxIUoVM,Castolo,1933-06-12
4,llowe@yahoo.com,TYhtqhqs,Lawrence Lowe,1944-05-22
90,jjames@hotmail.com,nWcB06pO,James James,1932-04-14
106,ctucker@yahoo.es,wCnJiML8,Charles Tucker,1932-10-01
95,minanda@hotmail.com,IUxIUoVM,Minanda,1939-09-04
9,jaguirre@yahoo.it,dL1lawrd,Jeffrey Aguirre,2006-08-07
59,aanderson@hotmail.com,Sf9pSb3z,Alyssa Anderson,2007-07-25
61,cowens@yahoo.es,h9gfXxDG,Christopher Owens,1987-02-26
52,kroberts@yahoo.com,szfHeoqk,Karen Roberts,1960-07-21
28,alambert@icloud.com,YIJMpBq3,Alexandra Lambert,1994-10-05
119,sharrison@yahoo.es,dqJ3UlcF,Sheena Harrison,1959-08-07
20,ahardin@yahoo.com,ppJdCeFu,Andrew Hardin,2014-07-29
132,kschmidt@yahoo.it,LDDxFcrU,Kayla Schmidt,1950-03-17
77,aclark@yahoo.it,PsFGHSvv,Anthony Clark,1950-05-06
102,bmiller@yahoo.it,RRMlowlh,Benjamin Miller,2016-05-29
21,rmartin@yahoo.it,2zsdEc1r,Ryan Martin,2009-08-21
50,cgonzales@icloud.com,SzpJw4yz,Christopher Gonzales,1945-11-30
130,etaylor@yahoo.it,NZQdoyvw,Eric Taylor,1947-04-03
23,djohnson@yahoo.es,oxf4uFom,Donna Johnson,1932-12-01
27,tchavez@hotmail.com,IpPsGbm0,Teresa Chavez,1946-06-20
19,bpatel@icloud.com,4oeUETEP,Bradley Patel,2015-02-14
16,nvaughan@yahoo.com,SLUiCqtJ,Nicole Vaughan,1981-03-29
18,esmith@gmail.com,wDVCL6t3,Eric Smith,2004-06-23
46,ssmith@hotmail.com,nwS2invN,Sherri Smith,1933-10-23
15,tgibbs@yahoo.it,Cz1g9YVj,Tara Gibbs,1988-10-14
30,czuniga@yahoo.es,WD76B8dh,Courtney Zuniga,2009-08-05
123,jbryant@yahoo.com,EyjXHUYs,Jack Bryant,1967-11-04
25,smahoney@gmail.com,6ouoSPpl,Sean Mahoney,1959-06-12
45,tbryant@hotmail.com,NfUPGTeB,Timothy Bryant,2006-01-31
62,bharris@yahoo.it,7miPf6j5,Bryce Harris,1988-03-24
1,emiller@gmail.com,oCcUFjmL,Elizabeth Miller,1967-08-16
65,jmills@yahoo.it,ff9qd0lJ,James Mills,1985-08-08
37,jrich@yahoo.com,41Yw1Fjv,Jessica Rich,1973-01-26
14,bjordan@icloud.com,ZKzV0qA0,Barbara Jordan,1985-01-01
69,jkennedy@hotmail.com,Nvxb8bUc,Jonathan Kennedy,1955-02-09
12,ssullivan@yahoo.com,oSCRZPnt,Steven Sullivan,2010-11-22
7,randerson@gmail.com,VnWlMevi,Richard Anderson,1981-01-14
8,jpadilla@hotmail.com,zmFAxjyR,Jordan Padilla,1948-04-23
3,sgarcia@yahoo.com,6Jb2Rmc6,Sharon Garcia,1942-11-23
32,mtaylor@gmail.com,VP7qD9CW,Mitchell Taylor,1924-01-15
53,cmiller@gmail.com,zrrMHrV6,Christopher Miller,1950-06-11
55,cmassey@icloud.com,OiwR1Ihv,Casey Massey,1949-03-24
80,nsnyder@hotmail.com,38mdWYSX,Nicholas Snyder,1990-02-04
42,jwong@hotmail.com,CrXt30DD,Jason Wong,1989-01-10
11,mmarshall@yahoo.es,JAteLxYq,Michael Marshall,2014-05-25
2,mwilliams@gmail.com,W9Sxt1sQ,Michelle Williams,2000-08-04
5,awest@gmail.com,0os2ByK9,Allison West,1952-07-17
13,jwade@gmail.com,Uua8Ljit,John Wade,1984-09-28
24,ahodges@hotmail.com,74hoyHJw,Amy Hodges,1992-07-27
92,kpoole@hotmail.com,nlHJ64kw,Kristopher Poole,2000-04-14
141,jtaylor@yahoo.com,5f3ioZ9I,Jessica Taylor,1927-01-22
44,hhood@hotmail.com,wfhYEQHK,Heidi Hood,2012-07-19
47,jbrown@gmail.com,rUES9Men,Jeffrey Brown,1941-03-26
76,rdoyle@gmail.com,6YnIZbGu,Richard Doyle,1967-04-13
142,mwhitney@hotmail.com,qVYt81JH,Matthew Whitney,1930-01-15
60,bgarcia@yahoo.it,ob1WSGz2,Brandi Garcia,2014-12-03
58,lwagner@yahoo.it,9VbX2Dl9,Laura Wagner,1931-03-25
31,jgould@yahoo.com,oP9BYtZy,Janice Gould,1945-10-12
43,dpatterson@yahoo.com,qdU6z9YI,Dennis Patterson PhD,1998-04-23
93,jbrewer@gmail.com,InlgLdUD,Joanna Brewer,2004-09-07
70,jbrown@icloud.com,wwa12glM,Jason Brown,1971-01-19
